id,a0,a1,a2,a3,a4,a5,a6,a7,a8,a9,e0,e1,e2,e3,e4,e5,e6,e7,e8,e9,i0,i1,i2,i3,i4,i5,i6,i7,i8,i9
a0,1.0000,0.0295,0.0779,0.4567,0.7000,0.1309,0.3659,0.4802,0.2636,0.4303,0.1508,0.0217,0.3608,0.3727,0.5625,0.2593,0.3606,0.2960,0.2229,0.5184,0.4700,0.3959,0.3454,0.3066,0.4992,0.3788,0.3936,0.7014,0.4383,0.3880
a1,0.0295,1.0000,0.2837,-0.1367,0.2823,0.5381,0.3322,-0.0598,0.3361,0.1052,-0.2367,-0.4135,-0.2150,-0.1866,-0.2299,-0.3006,-0.3292,-0.3402,-0.3317,-0.1804,0.1229,-0.0884,-0.0813,-0.1255,-0.1221,-0.0031,-0.3183,-0.0464,0.1681,0.1081
a2,0.0779,0.2837,1.0000,0.1565,0.1699,0.1145,0.5429,0.0893,0.1719,0.3757,0.2713,0.1342,-0.0334,0.0941,0.0202,0.0232,0.0706,0.0649,0.1886,0.2210,-0.0953,-0.1110,-0.1492,-0.0731,0.0137,0.0268,0.0050,0.0553,0.0457,0.0648
a3,0.4567,-0.1367,0.1565,1.0000,0.3594,-0.0178,0.1483,0.3429,0.2323,0.3978,0.3186,0.3438,0.4186,0.4432,0.6078,0.5658,0.4763,0.4953,0.4173,0.3643,0.2457,0.2211,0.3441,0.3028,0.3784,0.3448,0.4399,0.4088,0.3425,0.2848
a4,0.7000,0.2823,0.1699,0.3594,1.0000,0.1487,0.4957,0.5813,0.4454,0.4423,0.0896,-0.1175,0.3353,0.3674,0.5065,0.1439,0.2576,0.2485,0.0920,0.4387,0.3994,0.2456,0.1379,0.1046,0.5189,0.3641,0.2394,0.5091,0.5579,0.4925
a5,0.1309,0.5381,0.1145,-0.0178,0.1487,1.0000,0.0842,-0.0330,0.3457,0.0381,-0.2913,-0.3759,-0.1894,-0.1631,-0.2043,-0.1287,-0.1673,-0.2485,-0.3363,-0.1303,0.1301,0.0081,0.0661,0.1462,-0.0994,0.1526,-0.2409,0.0993,0.2041,0.1283
a6,0.3659,0.3322,0.5429,0.1483,0.4957,0.0842,1.0000,0.3621,0.4769,0.4059,-0.0109,-0.0372,0.1107,0.1718,0.0813,0.0255,0.0757,0.1002,0.0999,0.3628,0.2019,0.0877,-0.0080,-0.1200,0.2853,0.2045,-0.0515,0.3002,0.4120,0.3751
a7,0.4802,-0.0598,0.0893,0.3429,0.5813,-0.0330,0.3621,1.0000,0.1666,0.3278,0.2341,0.0990,0.4625,0.4797,0.5552,0.3582,0.3900,0.3983,0.2503,0.4664,0.2923,0.2058,0.1939,0.1311,0.4414,0.3681,0.5759,0.3139,0.2767,0.5617
a8,0.2636,0.3361,0.1719,0.2323,0.4454,0.3457,0.4769,0.1666,1.0000,0.1789,-0.1512,-0.2150,0.0558,-0.0011,0.1239,0.0095,-0.0736,-0.0177,0.0040,0.2950,0.2677,0.1610,0.1606,0.1306,0.1941,0.3901,0.0032,0.2299,0.5231,0.3422
a9,0.4303,0.1052,0.3757,0.3978,0.4423,0.0381,0.4059,0.3278,0.1789,1.0000,0.4856,0.3818,0.2214,0.4997,0.3916,0.2862,0.4535,0.4271,0.3412,0.4218,0.1222,0.0111,0.0240,-0.0294,0.2876,0.1371,0.3056,0.3867,0.2677,0.2212
e0,0.1508,-0.2367,0.2713,0.3186,0.0896,-0.2913,-0.0109,0.2341,-0.1512,0.4856,1.0000,0.6816,0.3593,0.5359,0.5415,0.4229,0.7035,0.5056,0.5909,0.3866,-0.1778,-0.1470,-0.1118,0.0016,0.1034,-0.0777,0.4659,0.0846,-0.0432,-0.0226
e1,0.0217,-0.4135,0.1342,0.3438,-0.1175,-0.3759,-0.0372,0.0990,-0.2150,0.3818,0.6816,1.0000,0.4262,0.6644,0.3728,0.5695,0.7592,0.7682,0.7084,0.3653,-0.2292,-0.0224,-0.2235,-0.1020,0.1212,-0.1876,0.3822,0.0032,-0.1213,-0.1495
e2,0.3608,-0.2150,-0.0334,0.4186,0.3353,-0.1894,0.1107,0.4625,0.0558,0.2214,0.3593,0.4262,1.0000,0.6490,0.6562,0.5751,0.5944,0.7377,0.4506,0.5336,0.0746,0.1415,0.0322,0.0934,0.2517,0.0363,0.3782,0.2689,0.1916,0.1695
e3,0.3727,-0.1866,0.0941,0.4432,0.3674,-0.1631,0.1718,0.4797,-0.0011,0.4997,0.5359,0.6644,0.6490,1.0000,0.6073,0.7257,0.8353,0.8139,0.5338,0.6462,0.0202,0.1891,-0.0367,0.0041,0.3291,0.0413,0.4371,0.2654,0.2143,0.0804
e4,0.5625,-0.2299,0.0202,0.6078,0.5065,-0.2043,0.0813,0.5552,0.1239,0.3916,0.5415,0.3728,0.6562,0.6073,1.0000,0.5292,0.6509,0.6134,0.4592,0.6235,0.0909,0.0907,0.1318,0.1753,0.3573,0.1569,0.5041,0.4590,0.3088,0.2531
e5,0.2593,-0.3006,0.0232,0.5658,0.1439,-0.1287,0.0255,0.3582,0.0095,0.2862,0.4229,0.5695,0.5751,0.7257,0.5292,1.0000,0.7448,0.7362,0.6020,0.6463,0.1808,0.2807,0.1798,0.2318,0.3198,0.2126,0.5701,0.3355,0.1876,0.0743
e6,0.3606,-0.3292,0.0706,0.4763,0.2576,-0.1673,0.0757,0.3900,-0.0736,0.4535,0.7035,0.7592,0.5944,0.8353,0.6509,0.7448,1.0000,0.8048,0.6285,0.6500,-0.0076,0.1351,-0.0471,0.0124,0.3021,0.0377,0.5362,0.2907,0.2083,0.0359
e7,0.2960,-0.3402,0.0649,0.4953,0.2485,-0.2485,0.1002,0.3983,-0.0177,0.4271,0.5056,0.7682,0.7377,0.8139,0.6134,0.7362,0.8048,1.0000,0.6884,0.5600,-0.0558,0.1037,-0.1610,-0.0752,0.2248,-0.0577,0.4595,0.2078,0.0674,0.0234
e8,0.2229,-0.3317,0.1886,0.4173,0.0920,-0.3363,0.0999,0.2503,0.0040,0.3412,0.5909,0.7084,0.4506,0.5338,0.4592,0.6020,0.6285,0.6884,1.0000,0.4933,-0.0028,0.1401,-0.0366,0.0127,0.1796,-0.0519,0.6208,0.2043,0.0046,-0.0385
e9,0.5184,-0.1804,0.2210,0.3643,0.4387,-0.1303,0.3628,0.4664,0.2950,0.4218,0.3866,0.3653,0.5336,0.6462,0.6235,0.6463,0.6500,0.5600,0.4933,1.0000,0.3408,0.4124,0.1894,0.2780,0.4453,0.3275,0.5287,0.6024,0.5219,0.2907
i0,0.4700,0.1229,-0.0953,0.2457,0.3994,0.1301,0.2019,0.2923,0.2677,0.1222,-0.1778,-0.2292,0.0746,0.0202,0.0909,0.1808,-0.0076,-0.0558,-0.0028,0.3408,1.0000,0.8387,0.7584,0.4393,0.7531,0.7558,0.3477,0.6247,0.6328,0.5751
i1,0.3959,-0.0884,-0.1110,0.2211,0.2456,0.0081,0.0877,0.2058,0.1610,0.0111,-0.1470,-0.0224,0.1415,0.1891,0.0907,0.2807,0.1351,0.1037,0.1401,0.4124,0.8387,1.0000,0.6984,0.3328,0.7070,0.6333,0.3813,0.4681,0.5577,0.3300
i2,0.3454,-0.0813,-0.1492,0.3441,0.1379,0.0661,-0.0080,0.1939,0.1606,0.0240,-0.1118,-0.2235,0.0322,-0.0367,0.1318,0.1798,-0.0471,-0.1610,-0.0366,0.1894,0.7584,0.6984,1.0000,0.5209,0.5870,0.8098,0.3263,0.5160,0.5076,0.3744
i3,0.3066,-0.1255,-0.0731,0.3028,0.1046,0.1462,-0.1200,0.1311,0.1306,-0.0294,0.0016,-0.1020,0.0934,0.0041,0.1753,0.2318,0.0124,-0.0752,0.0127,0.2780,0.4393,0.3328,0.5209,1.0000,0.2127,0.4661,0.2804,0.4587,0.3441,0.4040
i4,0.4992,-0.1221,0.0137,0.3784,0.5189,-0.0994,0.2853,0.4414,0.1941,0.2876,0.1034,0.1212,0.2517,0.3291,0.3573,0.3198,0.3021,0.2248,0.1796,0.4453,0.7531,0.7070,0.5870,0.2127,1.0000,0.6326,0.3794,0.5952,0.6617,0.6213
i5,0.3788,-0.0031,0.0268,0.3448,0.3641,0.1526,0.2045,0.3681,0.3901,0.1371,-0.0777,-0.1876,0.0363,0.0413,0.1569,0.2126,0.0377,-0.0577,-0.0519,0.3275,0.7558,0.6333,0.8098,0.4661,0.6326,1.0000,0.2801,0.5941,0.6032,0.5036
i6,0.3936,-0.3183,0.0050,0.4399,0.2394,-0.2409,-0.0515,0.5759,0.0032,0.3056,0.4659,0.3822,0.3782,0.4371,0.5041,0.5701,0.5362,0.4595,0.6208,0.5287,0.3477,0.3813,0.3263,0.2804,0.3794,0.2801,1.0000,0.2960,0.1809,0.2055
i7,0.7014,-0.0464,0.0553,0.4088,0.5091,0.0993,0.3002,0.3139,0.2299,0.3867,0.0846,0.0032,0.2689,0.2654,0.4590,0.3355,0.2907,0.2078,0.2043,0.6024,0.6247,0.4681,0.5160,0.4587,0.5952,0.5941,0.2960,1.0000,0.5386,0.4167
i8,0.4383,0.1681,0.0457,0.3425,0.5579,0.2041,0.4120,0.2767,0.5231,0.2677,-0.0432,-0.1213,0.1916,0.2143,0.3088,0.1876,0.2083,0.0674,0.0046,0.5219,0.6328,0.5577,0.5076,0.3441,0.6617,0.6032,0.1809,0.5386,1.0000,0.6256
i9,0.3880,0.1081,0.0648,0.2848,0.4925,0.1283,0.3751,0.5617,0.3422,0.2212,-0.0226,-0.1495,0.1695,0.0804,0.2531,0.0743,0.0359,0.0234,-0.0385,0.2907,0.5751,0.3300,0.3744,0.4040,0.6213,0.5036,0.2055,0.4167,0.6256,1.0000
