message_id,label,a0,a1,a2,a3,a4,a5,a6,a7,a8,a9,e0,e1,e2,e3,e4,e5,e6,e7,e8,e9,i0,i1,i2,i3,i4,i5,i6,i7,i8,i9
m01,auto_reply,0.4324,0.4429,0.1601,0.0790,0.0403,0.0547,0.6051,0.3841,0.0170,0.0428,0.0001,0.1522,0.1128,0.0711,0.0421,0.1076,0.4262,0.0787,0.0250,0.0306,0.2364,0.2096,0.0995,0.4569,0.2828,0.0305,0.0833,0.0274,0.0399,0.8918
m02,auto_reply,0.0815,0.5009,0.6005,0.1253,0.3038,0.1133,0.1683,0.5402,0.0902,0.5775,0.1888,0.5220,0.4868,0.3094,0.1553,0.4384,0.5521,0.6495,0.7994,0.7441,0.8699,0.8443,0.2318,0.1468,0.7380,0.1807,0.4970,0.8939,0.7793,0.7362
m03,auto_reply,0.1187,0.6210,0.7050,0.1289,0.0595,0.5268,0.0738,0.5109,0.2056,0.6466,0.0305,0.1382,0.3016,0.1608,0.0555,0.0619,0.4919,0.4690,0.2369,0.0545,0.2256,0.8133,0.0960,0.3012,0.3178,0.2116,0.1351,0.3627,0.5818,0.6330
m04,auto_reply,0.0526,0.1907,0.1462,0.0590,0.0023,0.0736,0.0974,0.0316,0.0252,0.0537,0.0466,0.0355,0.0111,0.0584,0.0508,0.2721,0.0049,0.0090,0.1000,0.0775,0.8879,0.9147,0.7221,0.4530,0.0002,0.7607,0.1671,0.9176,0.1528,0.2665
m05,auto_reply,0.1570,0.1938,0.2985,0.6343,0.2333,0.1761,0.4904,0.2653,0.3921,0.6654,0.2921,0.2573,0.2672,0.2338,0.2557,0.6397,0.4841,0.5148,0.3950,0.1779,0.1822,0.2593,0.3856,0.6212,0.2038,0.1937,0.3172,0.7148,0.2718,0.6758
m06,auto_reply,0.0978,0.3269,0.1732,0.0874,0.0903,0.1958,0.2314,0.0946,0.3550,0.6502,0.1989,0.0824,0.0927,0.2411,0.0298,0.0542,0.2334,0.4251,0.3551,0.0348,0.0935,0.2517,0.0035,0.0907,0.0650,0.0473,0.3170,0.0018,0.1049,0.6438
m07,auto_reply,0.0175,0.0973,0.0057,0.0095,0.0428,0.8802,0.0182,0.0003,0.0005,0.0833,0.0005,0.0009,0.0002,0.0020,0.0340,0.1126,0.0017,0.0431,0.0017,0.0001,0.0991,0.8980,0.5844,0.0705,0.0650,0.1695,0.0962,0.6361,0.0001,0.1298
m08,auto_reply,0.0846,0.2237,0.1760,0.2307,0.2190,0.2692,0.2252,0.2915,0.4499,0.6699,0.2505,0.3989,0.3397,0.2457,0.1951,0.8149,0.8020,0.4927,0.4495,0.1355,0.6158,0.7878,0.5523,0.6167,0.4110,0.1827,0.4981,0.1814,0.1478,0.7222
m09,auto_reply,0.0705,0.0876,0.0799,0.0001,0.0005,0.1637,0.2070,0.0006,0.0169,0.3116,0.0265,0.0160,0.0755,0.1169,0.0009,0.0701,0.0016,0.4403,0.2849,0.0000,0.0201,0.8768,0.0003,0.0037,0.0000,0.2802,0.0003,0.0000,0.5577,0.8650
m10,auto_reply,0.1535,0.1129,0.0805,0.1293,0.0962,0.1003,0.0137,0.4552,0.0657,0.4667,0.0340,0.1192,0.5298,0.0920,0.0412,0.4070,0.6885,0.4396,0.5794,0.2211,0.0189,0.2995,0.0658,0.1201,0.6814,0.2293,0.0318,0.0002,0.3303,0.3411
m11,auto_reply,0.1189,0.2372,0.6489,0.0921,0.0858,0.1040,0.4767,0.3077,0.3205,0.2011,0.0681,0.2492,0.2235,0.0377,0.0546,0.0611,0.3353,0.1659,0.0548,0.0684,0.3588,0.1248,0.1488,0.1271,0.3908,0.1486,0.5365,0.7475,0.0081,0.6584
m12,auto_reply,0.0630,0.1721,0.0217,0.0920,0.1412,0.1295,0.2555,0.1335,0.0740,0.0628,0.0001,0.6636,0.5679,0.0686,0.0727,0.3185,0.6388,0.6449,0.4502,0.4779,0.0969,0.5548,0.4398,0.1283,0.6656,0.4451,0.1243,0.0000,0.1010,0.8832
m13,auto_reply,0.3494,0.1113,0.2692,0.2226,0.1414,0.2116,0.2778,0.2152,0.3607,0.4423,0.0974,0.1340,0.1188,0.0776,0.1080,0.0636,0.1206,0.4999,0.2990,0.1130,0.0745,0.6075,0.0598,0.0440,0.0401,0.1982,0.1307,0.5238,0.4860,0.5746
m14,auto_reply,0.0704,0.2544,0.5475,0.0325,0.0850,0.3565,0.3433,0.2403,0.2317,0.1563,0.0153,0.0965,0.1592,0.0511,0.1270,0.1122,0.3017,0.3761,0.1454,0.0711,0.0344,0.3229,0.0865,0.0268,0.0614,0.0972,0.0408,0.0501,0.1832,0.7782
m15,auto_reply,0.1738,0.0817,0.0509,0.1324,0.0968,0.2272,0.0742,0.0259,0.0004,0.0121,0.0836,0.0726,0.1958,0.0166,0.2075,0.0290,0.1973,0.0012,0.0008,0.0001,0.0317,0.0387,0.0636,0.1210,0.0001,0.1393,0.0005,0.0954,0.0000,0.5308
m16,auto_reply,0.1002,0.0531,0.2339,0.0591,0.0484,0.3887,0.0042,0.0354,0.0615,0.6146,0.0754,0.0467,0.1311,0.0646,0.0008,0.0481,0.0154,0.3302,0.1590,0.0091,0.0031,0.0664,0.0363,0.0004,0.0010,0.1306,0.0003,0.0001,0.0022,0.6734
m17,auto_reply,0.0128,0.0930,0.0715,0.0269,0.0001,0.3471,0.0271,0.0422,0.0239,0.2691,0.0033,0.0871,0.0863,0.0406,0.0034,0.0434,0.0203,0.1170,0.4545,0.0001,0.0102,0.1023,0.0003,0.0282,0.0530,0.0716,0.0670,0.0000,0.0011,0.7424
m18,escalate_to_human,0.1137,0.0494,0.2599,0.0565,0.0572,0.1075,0.0509,0.0047,0.0056,0.3883,0.3062,0.1102,0.0583,0.1351,0.0175,0.1884,0.2848,0.3450,0.3827,0.0486,0.0095,0.0221,0.0002,0.0000,0.4075,0.0491,0.2140,0.8842,0.0030,0.7381
m19,escalate_to_human,0.2373,0.2595,0.5918,0.4817,0.2560,0.0681,0.1724,0.4142,0.1422,0.4284,0.3806,0.4475,0.5659,0.3361,0.4293,0.4642,0.7470,0.6380,0.4810,0.1808,0.3673,0.2412,0.2832,0.2416,0.4513,0.1163,0.5971,0.7216,0.0310,0.5375
m20,escalate_to_human,0.0981,0.0856,0.4828,0.3288,0.3869,0.1173,0.3371,0.5992,0.0950,0.4178,0.1887,0.7272,0.8936,0.2841,0.5274,0.3355,0.6833,0.7304,0.5836,0.7104,0.2180,0.6025,0.2606,0.2464,0.6947,0.1704,0.4758,0.7833,0.2188,0.8886
m21,escalate_to_human,0.0001,0.4109,0.1157,0.2560,0.0932,0.0851,0.0917,0.0537,0.0359,0.5092,0.3264,0.5706,0.2072,0.3573,0.1304,0.4223,0.4932,0.6539,0.5548,0.0861,0.3105,0.6805,0.1283,0.0722,0.2222,0.0947,0.3971,0.8818,0.0000,0.6164
m22,escalate_to_human,0.0201,0.4203,0.4332,0.0800,0.0862,0.0676,0.0926,0.1305,0.0510,0.4250,0.5285,0.3184,0.1739,0.8685,0.1934,0.0886,0.7263,0.4704,0.4375,0.1312,0.0383,0.1093,0.0684,0.0334,0.1892,0.0310,0.1848,0.7551,0.0772,0.8005
m23,escalate_to_human,0.0901,0.1589,0.2854,0.3068,0.1399,0.1007,0.2561,0.3821,0.1495,0.6930,0.1983,0.3594,0.3912,0.1883,0.2998,0.4498,0.5041,0.5246,0.5937,0.2423,0.1168,0.1371,0.1731,0.1202,0.2037,0.2977,0.6024,0.3336,0.3892,0.8083
m24,escalate_to_human,0.3383,0.0633,0.3154,0.0803,0.3719,0.0378,0.1059,0.5696,0.2090,0.7759,0.3605,0.5263,0.4293,0.8313,0.5157,0.5960,0.7483,0.7853,0.6194,0.7842,0.3271,0.3982,0.2854,0.0417,0.5609,0.0898,0.4539,0.7648,0.1141,0.8430
m25,escalate_to_human,0.1410,0.2692,0.4474,0.2170,0.2792,0.0655,0.1265,0.4048,0.0575,0.4749,0.2229,0.4686,0.5149,0.1542,0.3532,0.3315,0.6851,0.7901,0.5416,0.6527,0.2067,0.5790,0.2077,0.0845,0.5803,0.2689,0.1254,0.8594,0.1038,0.8516
m26,escalate_to_human,0.1782,0.1995,0.5928,0.0870,0.3436,0.2495,0.0750,0.1386,0.1738,0.7780,0.6972,0.6774,0.6718,0.6785,0.5594,0.4835,0.7671,0.6245,0.8584,0.7236,0.3778,0.8947,0.2599,0.1287,0.5839,0.2026,0.1550,0.8112,0.2897,0.6967
m27,escalate_to_human,0.0819,0.1951,0.6382,0.2081,0.1923,0.2758,0.2020,0.5783,0.1879,0.4946,0.2702,0.6611,0.6750,0.4851,0.3522,0.4375,0.7107,0.6550,0.8142,0.2844,0.1615,0.5308,0.3072,0.3387,0.6804,0.2538,0.2626,0.5689,0.1634,0.8551
m28,escalate_to_human,0.0877,0.0757,0.3463,0.2383,0.1983,0.0611,0.1164,0.5347,0.0868,0.3579,0.1426,0.2666,0.5575,0.2767,0.3199,0.2708,0.3516,0.5094,0.1027,0.6118,0.1755,0.5594,0.1925,0.0324,0.2614,0.1486,0.2696,0.7094,0.1169,0.3521
m29,escalate_to_human,0.1752,0.3150,0.3129,0.3271,0.3918,0.0888,0.2841,0.4206,0.2283,0.4972,0.3805,0.3410,0.6220,0.3433,0.4670,0.8554,0.7343,0.7118,0.7304,0.5372,0.3001,0.5618,0.5338,0.4824,0.7961,0.2236,0.2066,0.5726,0.1530,0.9446
m30,escalate_to_human,0.1135,0.0862,0.3947,0.3635,0.2131,0.0614,0.1425,0.1828,0.3271,0.4089,0.2336,0.2951,0.7873,0.2118,0.3052,0.6171,0.6907,0.4468,0.5828,0.4278,0.4276,0.7949,0.4503,0.2019,0.4298,0.2940,0.5175,0.9356,0.6091,0.8029
m31,escalate_to_human,0.0917,0.3854,0.6212,0.2569,0.3196,0.1231,0.1801,0.5937,0.1123,0.6025,0.1542,0.3738,0.4430,0.2836,0.4389,0.4218,0.4364,0.8452,0.6460,0.1984,0.5215,0.2745,0.1018,0.0788,0.4417,0.1320,0.8169,0.1244,0.1272,0.8646
m32,escalate_to_human,0.0275,0.2585,0.4679,0.2804,0.1308,0.1010,0.1220,0.2372,0.0682,0.4832,0.3042,0.4906,0.3710,0.1330,0.2179,0.0942,0.7830,0.4984,0.2597,0.1600,0.2808,0.0435,0.1262,0.1412,0.3460,0.0086,0.1109,0.7496,0.0486,0.8215
m33,escalate_to_human,0.0607,0.2032,0.2859,0.7471,0.1306,0.0556,0.0848,0.5055,0.0726,0.3373,0.1318,0.5644,0.5690,0.3586,0.2731,0.6845,0.6890,0.7163,0.5734,0.5098,0.1495,0.7572,0.1307,0.0443,0.5086,0.1351,0.6668,0.6538,0.5190,0.9028
m34,escalate_to_human,0.0817,0.1562,0.7078,0.6588,0.2444,0.0801,0.2386,0.4862,0.1223,0.3302,0.3205,0.6140,0.5534,0.5066,0.5209,0.5327,0.7954,0.7433,0.7754,0.3668,0.4232,0.7592,0.2139,0.5458,0.8402,0.2169,0.1838,0.6623,0.2452,0.8504
m35,ignore,0.5402,0.1120,0.5092,0.0271,0.1924,0.1408,0.1721,0.4899,0.1171,0.4823,0.1897,0.2338,0.3837,0.3928,0.1336,0.3523,0.4996,0.5418,0.1525,0.4840,0.9988,0.9962,0.6837,0.7026,0.7142,0.6791,0.5054,0.8206,0.8964,0.4560
m36,ignore,0.4467,0.2110,0.4833,0.1034,0.4814,0.2916,0.1030,0.0814,0.1710,0.1818,0.4350,0.2013,0.3987,0.1198,0.4068,0.3849,0.3802,0.2248,0.4826,0.8407,0.9805,1.0000,0.9493,0.5667,0.8313,0.3807,0.8646,1.0000,0.9338,0.2821
m37,ignore,0.7158,0.4938,0.6536,0.6973,0.3486,0.1146,0.2735,0.6930,0.6424,0.5006,0.1704,0.2728,0.6340,0.4231,0.5491,0.4280,0.6686,0.6387,0.4057,0.7747,0.9974,0.9683,0.8684,0.5492,0.6609,0.6796,0.4471,0.8450,0.8970,0.8724
m38,ignore,0.5820,0.2297,0.3117,0.3223,0.4379,0.2883,0.4211,0.5193,0.2168,0.7040,0.4299,0.3884,0.3986,0.2712,0.5093,0.2797,0.7537,0.4409,0.6284,0.3837,0.3223,0.5962,0.4836,0.8431,0.6017,0.4780,0.3505,0.8569,0.3696,0.5072
m39,ignore,0.5315,0.4190,0.6449,0.3619,0.3524,0.3786,0.5758,0.6604,0.4307,0.5034,0.6164,0.5440,0.7022,0.5374,0.6261,0.6828,0.8253,0.6324,0.7187,0.7573,0.7270,0.8610,0.6739,0.7036,0.8620,0.4237,0.3164,0.8766,0.7735,0.6726
m40,ignore,0.1203,0.1865,0.6238,0.0823,0.1509,0.1326,0.3046,0.0784,0.2203,0.2722,0.6450,0.4562,0.5377,0.0920,0.3542,0.4267,0.7663,0.6308,0.5640,0.8149,0.0143,0.9989,0.2397,0.3826,0.7955,0.8154,0.4359,0.9411,0.9557,0.7440
m41,ignore,0.0850,0.0656,0.2679,0.3346,0.0409,0.0555,0.3427,0.1735,0.0278,0.3630,0.0726,0.1145,0.1318,0.0420,0.0646,0.2064,0.1308,0.1095,0.0576,0.6724,0.9998,0.9826,0.9035,0.6894,0.9918,0.2661,0.3559,0.8428,0.9629,0.9441
m42,ignore,0.6401,0.1611,0.5633,0.2355,0.5519,0.3592,0.2802,0.4210,0.6218,0.3892,0.2308,0.5630,0.5804,0.3196,0.4954,0.5473,0.6915,0.4511,0.4689,0.2816,0.4553,0.8478,0.7616,0.3633,0.5096,0.2359,0.6049,0.7096,0.5931,0.7039
m43,ignore,0.2751,0.1964,0.5896,0.0745,0.2557,0.1145,0.1544,0.3650,0.1638,0.5580,0.4347,0.5048,0.4279,0.2261,0.1977,0.6852,0.6774,0.5543,0.5633,0.7329,0.9068,0.9177,0.4574,0.7907,0.9676,0.7035,0.1846,0.8892,0.9370,0.8314
m44,ignore,0.3995,0.2185,0.5629,0.1761,0.6523,0.2178,0.2596,0.3628,0.5341,0.8027,0.2330,0.3198,0.4537,0.4854,0.3899,0.5383,0.8282,0.6904,0.1226,0.5170,0.9652,0.9963,0.4926,0.1728,0.7977,0.4366,0.7387,0.9349,0.9742,0.8674
m45,ignore,0.1486,0.1699,0.7106,0.0768,0.2519,0.1211,0.2062,0.0716,0.0913,0.6516,0.3751,0.1050,0.5549,0.0774,0.7049,0.1857,0.5224,0.4423,0.6566,0.5042,1.0000,0.9998,0.7299,0.7410,0.8956,0.7017,0.1638,1.0000,0.0014,0.8888
m46,ignore,0.2665,0.3104,0.6495,0.4392,0.2130,0.3645,0.4995,0.6270,0.1748,0.7637,0.2765,0.4187,0.5281,0.2300,0.4133,0.7043,0.6194,0.5225,0.5110,0.5024,0.1985,0.6536,0.5746,0.3453,0.6610,0.5360,0.4907,0.3815,0.3033,0.7817
m47,ignore,0.2813,0.0787,0.4697,0.1067,0.3007,0.1158,0.6075,0.4949,0.0257,0.5553,0.0682,0.5973,0.5340,0.5740,0.3753,0.2357,0.8249,0.7287,0.8240,0.7762,0.9985,0.7443,0.4478,0.2700,0.7880,0.2448,0.3080,0.8899,0.4929,0.8409
m48,ignore,0.3995,0.1916,0.7348,0.3543,0.3466,0.3255,0.4879,0.6226,0.1946,0.8354,0.4968,0.4711,0.6228,0.3549,0.5107,0.6082,0.8008,0.6831,0.6939,0.6477,0.6272,0.8844,0.9079,0.4654,0.8309,0.3454,0.2871,0.8631,0.7270,0.2692
m49,ignore,0.4672,0.1988,0.5620,0.2390,0.2053,0.1308,0.2361,0.5150,0.1516,0.7432,0.4432,0.3674,0.4525,0.2335,0.4788,0.0923,0.6251,0.3744,0.3003,0.6023,0.0000,0.3109,0.1279,0.1236,0.6180,0.4239,0.1335,0.2321,0.5489,0.2174
m50,ignore,0.5039,0.2445,0.5483,0.1312,0.2635,0.3445,0.2831,0.4979,0.2450,0.7616,0.4848,0.3307,0.4270,0.1707,0.4601,0.3910,0.5741,0.4335,0.5446,0.5553,0.2578,0.4387,0.8206,0.6702,0.4592,0.7605,0.6565,0.5893,0.3279,0.8324
