strategy,id,label,prediction,baseline_prediction,cost,correct,flipped,laya_calls
baseline_argmax,m01,auto_reply,auto_reply,auto_reply,0,True,False,1
baseline_argmax,m02,auto_reply,escalate_to_human,escalate_to_human,1,False,False,1
baseline_argmax,m03,auto_reply,auto_reply,auto_reply,0,True,False,1
baseline_argmax,m04,auto_reply,auto_reply,auto_reply,0,True,False,1
baseline_argmax,m05,auto_reply,ignore,ignore,2,False,False,1
baseline_argmax,m06,auto_reply,auto_reply,auto_reply,0,True,False,1
baseline_argmax,m07,auto_reply,auto_reply,auto_reply,0,True,False,1
baseline_argmax,m08,auto_reply,auto_reply,auto_reply,0,True,False,1
baseline_argmax,m09,auto_reply,auto_reply,auto_reply,0,True,False,1
baseline_argmax,m10,auto_reply,auto_reply,auto_reply,0,True,False,1
baseline_argmax,m11,auto_reply,auto_reply,auto_reply,0,True,False,1
baseline_argmax,m12,auto_reply,auto_reply,auto_reply,0,True,False,1
baseline_argmax,m13,auto_reply,auto_reply,auto_reply,0,True,False,1
baseline_argmax,m14,auto_reply,auto_reply,auto_reply,0,True,False,1
baseline_argmax,m15,auto_reply,escalate_to_human,escalate_to_human,1,False,False,1
baseline_argmax,m16,auto_reply,auto_reply,auto_reply,0,True,False,1
baseline_argmax,m17,auto_reply,auto_reply,auto_reply,0,True,False,1
baseline_argmax,m18,escalate_to_human,escalate_to_human,escalate_to_human,0,True,False,1
baseline_argmax,m19,escalate_to_human,escalate_to_human,escalate_to_human,0,True,False,1
baseline_argmax,m20,escalate_to_human,escalate_to_human,escalate_to_human,0,True,False,1
baseline_argmax,m21,escalate_to_human,escalate_to_human,escalate_to_human,0,True,False,1
baseline_argmax,m22,escalate_to_human,escalate_to_human,escalate_to_human,0,True,False,1
baseline_argmax,m23,escalate_to_human,escalate_to_human,escalate_to_human,0,True,False,1
baseline_argmax,m24,escalate_to_human,ignore,ignore,3,False,False,1
baseline_argmax,m25,escalate_to_human,escalate_to_human,escalate_to_human,0,True,False,1
baseline_argmax,m26,escalate_to_human,escalate_to_human,escalate_to_human,0,True,False,1
baseline_argmax,m27,escalate_to_human,escalate_to_human,escalate_to_human,0,True,False,1
baseline_argmax,m28,escalate_to_human,escalate_to_human,escalate_to_human,0,True,False,1
baseline_argmax,m29,escalate_to_human,escalate_to_human,escalate_to_human,0,True,False,1
baseline_argmax,m30,escalate_to_human,escalate_to_human,escalate_to_human,0,True,False,1
baseline_argmax,m31,escalate_to_human,escalate_to_human,escalate_to_human,0,True,False,1
baseline_argmax,m32,escalate_to_human,ignore,ignore,3,False,False,1
baseline_argmax,m33,escalate_to_human,ignore,ignore,3,False,False,1
baseline_argmax,m34,escalate_to_human,escalate_to_human,escalate_to_human,0,True,False,1
baseline_argmax,m35,ignore,ignore,ignore,0,True,False,1
baseline_argmax,m36,ignore,auto_reply,auto_reply,2,False,False,1
baseline_argmax,m37,ignore,auto_reply,auto_reply,2,False,False,1
baseline_argmax,m38,ignore,ignore,ignore,0,True,False,1
baseline_argmax,m39,ignore,ignore,ignore,0,True,False,1
baseline_argmax,m40,ignore,ignore,ignore,0,True,False,1
baseline_argmax,m41,ignore,ignore,ignore,0,True,False,1
baseline_argmax,m42,ignore,ignore,ignore,0,True,False,1
baseline_argmax,m43,ignore,ignore,ignore,0,True,False,1
baseline_argmax,m44,ignore,ignore,ignore,0,True,False,1
baseline_argmax,m45,ignore,ignore,ignore,0,True,False,1
baseline_argmax,m46,ignore,auto_reply,auto_reply,2,False,False,1
baseline_argmax,m47,ignore,ignore,ignore,0,True,False,1
baseline_argmax,m48,ignore,ignore,ignore,0,True,False,1
baseline_argmax,m49,ignore,ignore,ignore,0,True,False,1
baseline_argmax,m50,ignore,ignore,ignore,0,True,False,1
repeated_majority,m01,auto_reply,auto_reply,auto_reply,0,True,False,2
repeated_majority,m02,auto_reply,escalate_to_human,escalate_to_human,1,False,False,2
repeated_majority,m03,auto_reply,auto_reply,auto_reply,0,True,False,2
repeated_majority,m04,auto_reply,auto_reply,auto_reply,0,True,False,2
repeated_majority,m05,auto_reply,ignore,ignore,2,False,False,2
repeated_majority,m06,auto_reply,auto_reply,auto_reply,0,True,False,2
repeated_majority,m07,auto_reply,auto_reply,auto_reply,0,True,False,2
repeated_majority,m08,auto_reply,auto_reply,auto_reply,0,True,False,2
repeated_majority,m09,auto_reply,auto_reply,auto_reply,0,True,False,2
repeated_majority,m10,auto_reply,auto_reply,auto_reply,0,True,False,2
repeated_majority,m11,auto_reply,auto_reply,auto_reply,0,True,False,2
repeated_majority,m12,auto_reply,auto_reply,auto_reply,0,True,False,2
repeated_majority,m13,auto_reply,auto_reply,auto_reply,0,True,False,2
repeated_majority,m14,auto_reply,auto_reply,auto_reply,0,True,False,2
repeated_majority,m15,auto_reply,escalate_to_human,escalate_to_human,1,False,False,2
repeated_majority,m16,auto_reply,auto_reply,auto_reply,0,True,False,2
repeated_majority,m17,auto_reply,auto_reply,auto_reply,0,True,False,2
repeated_majority,m18,escalate_to_human,escalate_to_human,escalate_to_human,0,True,False,2
repeated_majority,m19,escalate_to_human,escalate_to_human,escalate_to_human,0,True,False,2
repeated_majority,m20,escalate_to_human,escalate_to_human,escalate_to_human,0,True,False,2
repeated_majority,m21,escalate_to_human,escalate_to_human,escalate_to_human,0,True,False,2
repeated_majority,m22,escalate_to_human,escalate_to_human,escalate_to_human,0,True,False,2
repeated_majority,m23,escalate_to_human,escalate_to_human,escalate_to_human,0,True,False,2
repeated_majority,m24,escalate_to_human,ignore,ignore,3,False,False,2
repeated_majority,m25,escalate_to_human,escalate_to_human,escalate_to_human,0,True,False,2
repeated_majority,m26,escalate_to_human,escalate_to_human,escalate_to_human,0,True,False,2
repeated_majority,m27,escalate_to_human,escalate_to_human,escalate_to_human,0,True,False,2
repeated_majority,m28,escalate_to_human,escalate_to_human,escalate_to_human,0,True,False,2
repeated_majority,m29,escalate_to_human,escalate_to_human,escalate_to_human,0,True,False,2
repeated_majority,m30,escalate_to_human,escalate_to_human,escalate_to_human,0,True,False,2
repeated_majority,m31,escalate_to_human,escalate_to_human,escalate_to_human,0,True,False,2
repeated_majority,m32,escalate_to_human,ignore,ignore,3,False,False,2
repeated_majority,m33,escalate_to_human,ignore,ignore,3,False,False,2
repeated_majority,m34,escalate_to_human,escalate_to_human,escalate_to_human,0,True,False,2
repeated_majority,m35,ignore,ignore,ignore,0,True,False,2
repeated_majority,m36,ignore,auto_reply,auto_reply,2,False,False,2
repeated_majority,m37,ignore,auto_reply,auto_reply,2,False,False,2
repeated_majority,m38,ignore,ignore,ignore,0,True,False,2
repeated_majority,m39,ignore,ignore,ignore,0,True,False,2
repeated_majority,m40,ignore,ignore,ignore,0,True,False,2
repeated_majority,m41,ignore,ignore,ignore,0,True,False,2
repeated_majority,m42,ignore,ignore,ignore,0,True,False,2
repeated_majority,m43,ignore,ignore,ignore,0,True,False,2
repeated_majority,m44,ignore,ignore,ignore,0,True,False,2
repeated_majority,m45,ignore,ignore,ignore,0,True,False,2
repeated_majority,m46,ignore,auto_reply,auto_reply,2,False,False,2
repeated_majority,m47,ignore,ignore,ignore,0,True,False,2
repeated_majority,m48,ignore,ignore,ignore,0,True,False,2
repeated_majority,m49,ignore,ignore,ignore,0,True,False,2
repeated_majority,m50,ignore,ignore,ignore,0,True,False,2
specialist_route,m01,auto_reply,ignore,auto_reply,2,False,True,2
specialist_route,m02,auto_reply,ignore,escalate_to_human,2,False,True,2
specialist_route,m03,auto_reply,ignore,auto_reply,2,False,True,2
specialist_route,m04,auto_reply,ignore,auto_reply,2,False,True,2
specialist_route,m05,auto_reply,ignore,ignore,2,False,False,2
specialist_route,m06,auto_reply,ignore,auto_reply,2,False,True,2
specialist_route,m07,auto_reply,ignore,auto_reply,2,False,True,2
specialist_route,m08,auto_reply,ignore,auto_reply,2,False,True,2
specialist_route,m09,auto_reply,ignore,auto_reply,2,False,True,2
specialist_route,m10,auto_reply,ignore,auto_reply,2,False,True,2
specialist_route,m11,auto_reply,ignore,auto_reply,2,False,True,2
specialist_route,m12,auto_reply,ignore,auto_reply,2,False,True,2
specialist_route,m13,auto_reply,ignore,auto_reply,2,False,True,2
specialist_route,m14,auto_reply,ignore,auto_reply,2,False,True,2
specialist_route,m15,auto_reply,ignore,escalate_to_human,2,False,True,2
specialist_route,m16,auto_reply,ignore,auto_reply,2,False,True,2
specialist_route,m17,auto_reply,ignore,auto_reply,2,False,True,2
specialist_route,m18,escalate_to_human,ignore,escalate_to_human,3,False,True,2
specialist_route,m19,escalate_to_human,ignore,escalate_to_human,3,False,True,2
specialist_route,m20,escalate_to_human,ignore,escalate_to_human,3,False,True,2
specialist_route,m21,escalate_to_human,ignore,escalate_to_human,3,False,True,2
specialist_route,m22,escalate_to_human,ignore,escalate_to_human,3,False,True,2
specialist_route,m23,escalate_to_human,ignore,escalate_to_human,3,False,True,2
specialist_route,m24,escalate_to_human,ignore,ignore,3,False,False,2
specialist_route,m25,escalate_to_human,ignore,escalate_to_human,3,False,True,2
specialist_route,m26,escalate_to_human,ignore,escalate_to_human,3,False,True,2
specialist_route,m27,escalate_to_human,ignore,escalate_to_human,3,False,True,2
specialist_route,m28,escalate_to_human,ignore,escalate_to_human,3,False,True,2
specialist_route,m29,escalate_to_human,ignore,escalate_to_human,3,False,True,2
specialist_route,m30,escalate_to_human,ignore,escalate_to_human,3,False,True,2
specialist_route,m31,escalate_to_human,ignore,escalate_to_human,3,False,True,2
specialist_route,m32,escalate_to_human,ignore,ignore,3,False,False,2
specialist_route,m33,escalate_to_human,ignore,ignore,3,False,False,2
specialist_route,m34,escalate_to_human,ignore,escalate_to_human,3,False,True,2
specialist_route,m35,ignore,ignore,ignore,0,True,False,2
specialist_route,m36,ignore,ignore,auto_reply,0,True,True,2
specialist_route,m37,ignore,ignore,auto_reply,0,True,True,2
specialist_route,m38,ignore,ignore,ignore,0,True,False,2
specialist_route,m39,ignore,ignore,ignore,0,True,False,2
specialist_route,m40,ignore,ignore,ignore,0,True,False,2
specialist_route,m41,ignore,ignore,ignore,0,True,False,2
specialist_route,m42,ignore,ignore,ignore,0,True,False,2
specialist_route,m43,ignore,ignore,ignore,0,True,False,2
specialist_route,m44,ignore,ignore,ignore,0,True,False,2
specialist_route,m45,ignore,ignore,ignore,0,True,False,2
specialist_route,m46,ignore,ignore,auto_reply,0,True,True,2
specialist_route,m47,ignore,ignore,ignore,0,True,False,2
specialist_route,m48,ignore,ignore,ignore,0,True,False,2
specialist_route,m49,ignore,ignore,ignore,0,True,False,2
specialist_route,m50,ignore,ignore,ignore,0,True,False,2
mapped_majority,m01,auto_reply,ignore,auto_reply,2,False,True,3
mapped_majority,m02,auto_reply,ignore,escalate_to_human,2,False,True,3
mapped_majority,m03,auto_reply,auto_reply,auto_reply,0,True,False,3
mapped_majority,m04,auto_reply,ignore,auto_reply,2,False,True,3
mapped_majority,m05,auto_reply,ignore,ignore,2,False,False,3
mapped_majority,m06,auto_reply,ignore,auto_reply,2,False,True,3
mapped_majority,m07,auto_reply,ignore,auto_reply,2,False,True,3
mapped_majority,m08,auto_reply,auto_reply,auto_reply,0,True,False,3
mapped_majority,m09,auto_reply,ignore,auto_reply,2,False,True,3
mapped_majority,m10,auto_reply,ignore,auto_reply,2,False,True,3
mapped_majority,m11,auto_reply,ignore,auto_reply,2,False,True,3
mapped_majority,m12,auto_reply,auto_reply,auto_reply,0,True,False,3
mapped_majority,m13,auto_reply,ignore,auto_reply,2,False,True,3
mapped_majority,m14,auto_reply,auto_reply,auto_reply,0,True,False,3
mapped_majority,m15,auto_reply,ignore,escalate_to_human,2,False,True,3
mapped_majority,m16,auto_reply,ignore,auto_reply,2,False,True,3
mapped_majority,m17,auto_reply,ignore,auto_reply,2,False,True,3
mapped_majority,m18,escalate_to_human,escalate_to_human,escalate_to_human,0,True,False,3
mapped_majority,m19,escalate_to_human,escalate_to_human,escalate_to_human,0,True,False,3
mapped_majority,m20,escalate_to_human,escalate_to_human,escalate_to_human,0,True,False,3
mapped_majority,m21,escalate_to_human,ignore,escalate_to_human,3,False,True,3
mapped_majority,m22,escalate_to_human,escalate_to_human,escalate_to_human,0,True,False,3
mapped_majority,m23,escalate_to_human,escalate_to_human,escalate_to_human,0,True,False,3
mapped_majority,m24,escalate_to_human,ignore,ignore,3,False,False,3
mapped_majority,m25,escalate_to_human,escalate_to_human,escalate_to_human,0,True,False,3
mapped_majority,m26,escalate_to_human,escalate_to_human,escalate_to_human,0,True,False,3
mapped_majority,m27,escalate_to_human,escalate_to_human,escalate_to_human,0,True,False,3
mapped_majority,m28,escalate_to_human,escalate_to_human,escalate_to_human,0,True,False,3
mapped_majority,m29,escalate_to_human,escalate_to_human,escalate_to_human,0,True,False,3
mapped_majority,m30,escalate_to_human,ignore,escalate_to_human,3,False,True,3
mapped_majority,m31,escalate_to_human,escalate_to_human,escalate_to_human,0,True,False,3
mapped_majority,m32,escalate_to_human,ignore,ignore,3,False,False,3
mapped_majority,m33,escalate_to_human,ignore,ignore,3,False,False,3
mapped_majority,m34,escalate_to_human,escalate_to_human,escalate_to_human,0,True,False,3
mapped_majority,m35,ignore,ignore,ignore,0,True,False,3
mapped_majority,m36,ignore,auto_reply,auto_reply,2,False,False,3
mapped_majority,m37,ignore,ignore,auto_reply,0,True,True,3
mapped_majority,m38,ignore,ignore,ignore,0,True,False,3
mapped_majority,m39,ignore,ignore,ignore,0,True,False,3
mapped_majority,m40,ignore,ignore,ignore,0,True,False,3
mapped_majority,m41,ignore,ignore,ignore,0,True,False,3
mapped_majority,m42,ignore,ignore,ignore,0,True,False,3
mapped_majority,m43,ignore,ignore,ignore,0,True,False,3
mapped_majority,m44,ignore,ignore,ignore,0,True,False,3
mapped_majority,m45,ignore,ignore,ignore,0,True,False,3
mapped_majority,m46,ignore,auto_reply,auto_reply,2,False,False,3
mapped_majority,m47,ignore,ignore,ignore,0,True,False,3
mapped_majority,m48,ignore,ignore,ignore,0,True,False,3
mapped_majority,m49,ignore,ignore,ignore,0,True,False,3
mapped_majority,m50,ignore,ignore,ignore,0,True,False,3
costly_miss_repair,m01,auto_reply,ignore,auto_reply,2,False,True,2
costly_miss_repair,m02,auto_reply,escalate_to_human,escalate_to_human,1,False,False,1
costly_miss_repair,m03,auto_reply,auto_reply,auto_reply,0,True,False,2
costly_miss_repair,m04,auto_reply,ignore,auto_reply,2,False,True,2
costly_miss_repair,m05,auto_reply,ignore,ignore,2,False,False,3
costly_miss_repair,m06,auto_reply,ignore,auto_reply,2,False,True,2
costly_miss_repair,m07,auto_reply,ignore,auto_reply,2,False,True,2
costly_miss_repair,m08,auto_reply,auto_reply,auto_reply,0,True,False,2
costly_miss_repair,m09,auto_reply,ignore,auto_reply,2,False,True,2
costly_miss_repair,m10,auto_reply,ignore,auto_reply,2,False,True,2
costly_miss_repair,m11,auto_reply,ignore,auto_reply,2,False,True,2
costly_miss_repair,m12,auto_reply,auto_reply,auto_reply,0,True,False,2
costly_miss_repair,m13,auto_reply,ignore,auto_reply,2,False,True,2
costly_miss_repair,m14,auto_reply,auto_reply,auto_reply,0,True,False,2
costly_miss_repair,m15,auto_reply,escalate_to_human,escalate_to_human,1,False,False,1
costly_miss_repair,m16,auto_reply,ignore,auto_reply,2,False,True,2
costly_miss_repair,m17,auto_reply,ignore,auto_reply,2,False,True,2
costly_miss_repair,m18,escalate_to_human,escalate_to_human,escalate_to_human,0,True,False,1
costly_miss_repair,m19,escalate_to_human,escalate_to_human,escalate_to_human,0,True,False,1
costly_miss_repair,m20,escalate_to_human,escalate_to_human,escalate_to_human,0,True,False,1
costly_miss_repair,m21,escalate_to_human,escalate_to_human,escalate_to_human,0,True,False,1
costly_miss_repair,m22,escalate_to_human,escalate_to_human,escalate_to_human,0,True,False,1
costly_miss_repair,m23,escalate_to_human,escalate_to_human,escalate_to_human,0,True,False,1
costly_miss_repair,m24,escalate_to_human,ignore,ignore,3,False,False,3
costly_miss_repair,m25,escalate_to_human,escalate_to_human,escalate_to_human,0,True,False,1
costly_miss_repair,m26,escalate_to_human,escalate_to_human,escalate_to_human,0,True,False,1
costly_miss_repair,m27,escalate_to_human,escalate_to_human,escalate_to_human,0,True,False,1
costly_miss_repair,m28,escalate_to_human,escalate_to_human,escalate_to_human,0,True,False,1
costly_miss_repair,m29,escalate_to_human,escalate_to_human,escalate_to_human,0,True,False,1
costly_miss_repair,m30,escalate_to_human,escalate_to_human,escalate_to_human,0,True,False,1
costly_miss_repair,m31,escalate_to_human,escalate_to_human,escalate_to_human,0,True,False,1
costly_miss_repair,m32,escalate_to_human,ignore,ignore,3,False,False,3
costly_miss_repair,m33,escalate_to_human,ignore,ignore,3,False,False,3
costly_miss_repair,m34,escalate_to_human,escalate_to_human,escalate_to_human,0,True,False,1
costly_miss_repair,m35,ignore,ignore,ignore,0,True,False,3
costly_miss_repair,m36,ignore,auto_reply,auto_reply,2,False,False,2
costly_miss_repair,m37,ignore,ignore,auto_reply,0,True,True,2
costly_miss_repair,m38,ignore,ignore,ignore,0,True,False,3
costly_miss_repair,m39,ignore,ignore,ignore,0,True,False,3
costly_miss_repair,m40,ignore,ignore,ignore,0,True,False,3
costly_miss_repair,m41,ignore,ignore,ignore,0,True,False,3
costly_miss_repair,m42,ignore,ignore,ignore,0,True,False,3
costly_miss_repair,m43,ignore,ignore,ignore,0,True,False,3
costly_miss_repair,m44,ignore,ignore,ignore,0,True,False,3
costly_miss_repair,m45,ignore,ignore,ignore,0,True,False,3
costly_miss_repair,m46,ignore,auto_reply,auto_reply,2,False,False,2
costly_miss_repair,m47,ignore,ignore,ignore,0,True,False,3
costly_miss_repair,m48,ignore,ignore,ignore,0,True,False,3
costly_miss_repair,m49,ignore,ignore,ignore,0,True,False,3
costly_miss_repair,m50,ignore,ignore,ignore,0,True,False,3
repair_thresholds,m01,auto_reply,auto_reply,auto_reply,0,True,False,2
repair_thresholds,m02,auto_reply,escalate_to_human,escalate_to_human,1,False,False,1
repair_thresholds,m03,auto_reply,auto_reply,auto_reply,0,True,False,2
repair_thresholds,m04,auto_reply,auto_reply,auto_reply,0,True,False,2
repair_thresholds,m05,auto_reply,ignore,ignore,2,False,False,3
repair_thresholds,m06,auto_reply,auto_reply,auto_reply,0,True,False,2
repair_thresholds,m07,auto_reply,auto_reply,auto_reply,0,True,False,2
repair_thresholds,m08,auto_reply,auto_reply,auto_reply,0,True,False,2
repair_thresholds,m09,auto_reply,auto_reply,auto_reply,0,True,False,2
repair_thresholds,m10,auto_reply,auto_reply,auto_reply,0,True,False,2
repair_thresholds,m11,auto_reply,auto_reply,auto_reply,0,True,False,2
repair_thresholds,m12,auto_reply,auto_reply,auto_reply,0,True,False,2
repair_thresholds,m13,auto_reply,auto_reply,auto_reply,0,True,False,2
repair_thresholds,m14,auto_reply,auto_reply,auto_reply,0,True,False,2
repair_thresholds,m15,auto_reply,escalate_to_human,escalate_to_human,1,False,False,1
repair_thresholds,m16,auto_reply,auto_reply,auto_reply,0,True,False,2
repair_thresholds,m17,auto_reply,auto_reply,auto_reply,0,True,False,2
repair_thresholds,m18,escalate_to_human,escalate_to_human,escalate_to_human,0,True,False,1
repair_thresholds,m19,escalate_to_human,escalate_to_human,escalate_to_human,0,True,False,1
repair_thresholds,m20,escalate_to_human,escalate_to_human,escalate_to_human,0,True,False,1
repair_thresholds,m21,escalate_to_human,escalate_to_human,escalate_to_human,0,True,False,1
repair_thresholds,m22,escalate_to_human,escalate_to_human,escalate_to_human,0,True,False,1
repair_thresholds,m23,escalate_to_human,escalate_to_human,escalate_to_human,0,True,False,1
repair_thresholds,m24,escalate_to_human,ignore,ignore,3,False,False,3
repair_thresholds,m25,escalate_to_human,escalate_to_human,escalate_to_human,0,True,False,1
repair_thresholds,m26,escalate_to_human,escalate_to_human,escalate_to_human,0,True,False,1
repair_thresholds,m27,escalate_to_human,escalate_to_human,escalate_to_human,0,True,False,1
repair_thresholds,m28,escalate_to_human,escalate_to_human,escalate_to_human,0,True,False,1
repair_thresholds,m29,escalate_to_human,escalate_to_human,escalate_to_human,0,True,False,1
repair_thresholds,m30,escalate_to_human,escalate_to_human,escalate_to_human,0,True,False,1
repair_thresholds,m31,escalate_to_human,escalate_to_human,escalate_to_human,0,True,False,1
repair_thresholds,m32,escalate_to_human,ignore,ignore,3,False,False,3
repair_thresholds,m33,escalate_to_human,ignore,ignore,3,False,False,3
repair_thresholds,m34,escalate_to_human,escalate_to_human,escalate_to_human,0,True,False,1
repair_thresholds,m35,ignore,ignore,ignore,0,True,False,3
repair_thresholds,m36,ignore,auto_reply,auto_reply,2,False,False,2
repair_thresholds,m37,ignore,ignore,auto_reply,0,True,True,2
repair_thresholds,m38,ignore,ignore,ignore,0,True,False,3
repair_thresholds,m39,ignore,ignore,ignore,0,True,False,3
repair_thresholds,m40,ignore,ignore,ignore,0,True,False,3
repair_thresholds,m41,ignore,ignore,ignore,0,True,False,3
repair_thresholds,m42,ignore,ignore,ignore,0,True,False,3
repair_thresholds,m43,ignore,ignore,ignore,0,True,False,3
repair_thresholds,m44,ignore,ignore,ignore,0,True,False,3
repair_thresholds,m45,ignore,ignore,ignore,0,True,False,3
repair_thresholds,m46,ignore,auto_reply,auto_reply,2,False,False,2
repair_thresholds,m47,ignore,ignore,ignore,0,True,False,3
repair_thresholds,m48,ignore,ignore,ignore,0,True,False,3
repair_thresholds,m49,ignore,ignore,ignore,0,True,False,3
repair_thresholds,m50,ignore,ignore,ignore,0,True,False,3
