id,action,text,backup
a0,auto_reply,"The issue is simple and can be addressed automatically: a password reset, a settings toggle, a manual, or where to find a page. No product has failed and no money has to be moved. No agent opens it.",The issue is simple and can be addressed automatically.
a1,auto_reply,"A how-to or FAQ: password reset, Bluetooth pairing, order tracking, firmware, or account settings. Also the app download, volume limit, payment methods, support hours, or a published policy. Nothing is broken.","A how-to or FAQ: password reset, Bluetooth pairing, order tracking, firmware, or account settings."
a2,auto_reply,"The customer wants instructions. Nothing is broken, missing, disputed, or unsafe. They ask how to pair, log in, find an order, change an email, or follow a published step. No money is asked for.","The customer wants instructions. Nothing is broken, missing, disputed, or unsafe."
a3,auto_reply,"A routine question. Not a fault, refund, replacement, or complaint. They want a fact from the help pages: hours, payment methods, a manual, or how a setting works. Nobody decides a case.","A routine question. Not a fault, refund, replacement, or complaint."
a4,auto_reply,"A published help article answers it. No investigation and no decision. The reply is a link or the steps already on the site, not a judgement about a charge, a return, or a broken unit. Staff stay out.",A published help article answers it. No investigation and no decision.
a5,auto_reply,"How to use the product, the app, or the website: pairing, firmware, renaming a speaker, switching to aux, finding past orders, or turning marketing email off. They are not reporting a fault.","How to use the product, the app, or the website."
a6,auto_reply,"They ask how to do something and do not report a failure or a charge. The message is a procedure question, not a defect, a duplicate payment, a missing parcel, or a safety report. A help page is enough.",They ask how to do something and do not report a failure or a charge.
a7,auto_reply,"Standard self-service steps will resolve it without a person. The customer can finish it from the site or the app: login, pairing, a download, a household user, or a published policy. No exception is required.",Standard self-service steps will resolve it without a person.
a8,auto_reply,"Setup, login, finding an order, or a question about published store policy, such as the returns window or what the warranty document says, with no claim being filed. They are not asking us to act on an order.","Setup, login, finding an order, or a question about published store policy."
a9,auto_reply,"Instructions only. No refund, replacement, cancellation, or security incident. They want steps, not a person to move money, swap a unit, stop an order, or lock an account. A page covers it.","Instructions only. No refund, replacement, cancellation, or security incident."
e0,escalate_to_human,"The hardware issue or replacement request needs a human agent: a crackle, a dead earcup, a unit that will not power on, or a warranty swap only staff can authorise. A help article cannot send the unit.",The hardware issue or replacement request needs a human agent.
e1,escalate_to_human,"A defect, replacement, refund, billing dispute, or damaged delivery. The product failed, the charge is wrong, or the parcel arrived crushed, dented, or soaked. A person has to put it right. Staff act.","A defect, replacement, refund, billing dispute, or damaged delivery."
e2,escalate_to_human,"Something failed, money is at stake, or a human must judge the case: a double charge, a refund after the help steps failed, or a dispute the site cannot close. The help pages are not enough. Staff judge.","Something failed, money is at stake, or a human must judge the case."
e3,escalate_to_human,"Broken hardware, a refund, a safety issue, or an account takeover. Heat, a burning smell, a failed mount, or a password changed and an order the customer did not place. A person must take the case.","Broken hardware, a refund, a safety issue, or an account takeover."
e4,escalate_to_human,"A specialist must investigate, decide, or make an exception. The website already blocked the action, the form was rejected, or the case needs a call rather than a help article. A published page cannot settle it. Staff must.","A specialist must investigate, decide, or make an exception."
e5,escalate_to_human,"Warranty, return, cancellation, wrong item, or a complaint to resolve. They want the order stopped, the colour corrected, or a person to answer after earlier emails went unanswered. Not a how-to.","Warranty, return, cancellation, wrong item, or a complaint to resolve."
e6,escalate_to_human,"A physical product problem, a charge error, or an action only staff can take, such as a refund, a cancellation the site refused, or a replacement before a deadline. The customer cannot finish it alone. Staff must act.","A physical product problem, a charge error, or an action only staff can take."
e7,escalate_to_human,"Faults, refunds, replacements, missing orders, security, legal, or safety. A hiss, a short battery, a missing delivery, a lock on a taken-over account, or a liability report.","Faults, refunds, replacements, missing orders, security, legal, or safety."
e8,escalate_to_human,"A real order or device problem that support staff must handle: the wrong unit, a soaked parcel, an invoice above the checkout price, or a speaker registered to someone else's email. A help page cannot close it.",A real order or device problem that support staff must handle.
e9,escalate_to_human,"The customer is blocked, out of pocket, or at risk, and a person should take over. They cannot cancel, they were charged twice, or the device is hot and they have unplugged it. No bot.","The customer is blocked, out of pocket, or at risk, and a person should take over."
i0,ignore,"The message is spam or completely irrelevant: a prize, a dentist reminder, an out-of-office reply, or anything that is not this customer's order, account, or device. There is nothing for support to answer.",The message is spam or completely irrelevant.
i1,ignore,"Spam, phishing, or a scam, including a fake delivery or account alert, a customs fee, a premium-rate voicemail, or a link that demands a password or a card. Not a ticket.","Spam, phishing, or a scam, including a fake delivery or account alert."
i2,ignore,"An unsolicited sales pitch, supplier offer, or partnership request: SEO packages, a factory quote, bulk used stock, a guest post, or a meeting about cross-promotion. They are not a customer.","An unsolicited sales pitch, supplier offer, or partnership request."
i3,ignore,"Recruitment, a job application, or a message meant for someone else, such as a resume for a software role or an appointment reminder that is not about an order. Support is the wrong desk. Leave it.","Recruitment, a job application, or a message meant for someone else."
i4,ignore,"Gibberish or an automated notice with no question for support: random characters, an out-of-office auto-reply, or a system notice that asks us for nothing. There is no request to act on.",Gibberish or an automated notice with no question for support.
i5,ignore,"Marketing, crypto, selling followers, or a prize promotion: a meme coin, bought Instagram followers, a gift card, or a free phone that asks for card details. It is not about an order or a device.","Marketing, crypto, selling followers, or a prize promotion."
i6,ignore,"The sender does not describe a problem with their own order, account, or device. They are selling, recruiting, pitching, or forwarding a notice that is not a support request. Ignore it rather than answer it.","The sender does not describe a problem with their own order, account, or device."
i7,ignore,"Cold outreach. Nobody is asking us to fix, explain, or replace something. The sender wants a sale, a supplier deal, a guest post, or a partnership call. It is not a ticket. Do not reply.","Cold outreach. Nobody is asking us to fix, explain, or replace something."
i8,ignore,"Phishing that asks for a password, a payment, or card details, often with a fake login link, a customs release fee, or a prize that requires a card to claim. It is not a real account problem.","Phishing that asks for a password, a payment, or card details."
i9,ignore,"Not a customer support request. No question about their own speaker, order, account, or a published policy. Spam, sales, recruitment, nonsense, or someone else's notice. Leave it unanswered. Do not reply.",Not a customer support request.
